REM INSERTING into DBTUTORIA.ALUMNO
SET DEFINE OFF;
REM INSERTING into DBTUTORIA.ALUMNO_PAR
SET DEFINE OFF;
REM INSERTING into DBTUTORIA.ALUMNO_REGULAR
SET DEFINE OFF;
Insert into DBTUTORIA.ALUMNO_REGULAR (ANIO,PERIODO,COD_ALUMNO,NOM_ALUMNO) values ('2016','1','10013167','CESAR CAMPOS CONTRERAS');
REM INSERTING into DBTUTORIA.AREA_CONOCIMIENTO
SET DEFINE OFF;
Insert into DBTUTORIA.AREA_CONOCIMIENTO (COD_AREA,NOMBRE_AREA) values ('A0001','PROGRAMACIÓN');
Insert into DBTUTORIA.AREA_CONOCIMIENTO (COD_AREA,NOMBRE_AREA) values ('A0002','CIENCIAS MATEMÁTICAS');
Insert into DBTUTORIA.AREA_CONOCIMIENTO (COD_AREA,NOMBRE_AREA) values ('A0003','CIENCIAS FÍSICAS');
Insert into DBTUTORIA.AREA_CONOCIMIENTO (COD_AREA,NOMBRE_AREA) values ('A0004','CIENCIAS ECONÓMICAS');
Insert into DBTUTORIA.AREA_CONOCIMIENTO (COD_AREA,NOMBRE_AREA) values ('A0005','CIENCIAS COMPUTACIONALES');
Insert into DBTUTORIA.AREA_CONOCIMIENTO (COD_AREA,NOMBRE_AREA) values ('A0006','ELECTRÓNICA');
Insert into DBTUTORIA.AREA_CONOCIMIENTO (COD_AREA,NOMBRE_AREA) values ('A0007','MODELAMIENTO Y BASES DE DATOS');
Insert into DBTUTORIA.AREA_CONOCIMIENTO (COD_AREA,NOMBRE_AREA) values ('A0008','ARQUITECTURA DEL COMPUTADOR');
Insert into DBTUTORIA.AREA_CONOCIMIENTO (COD_AREA,NOMBRE_AREA) values ('A0009','ESTADÍSTICA');
Insert into DBTUTORIA.AREA_CONOCIMIENTO (COD_AREA,NOMBRE_AREA) values ('A0010','SISTEMAS COMPUTACIONALES');
Insert into DBTUTORIA.AREA_CONOCIMIENTO (COD_AREA,NOMBRE_AREA) values ('A0011','DISEÑO DE SISTEMAS');
Insert into DBTUTORIA.AREA_CONOCIMIENTO (COD_AREA,NOMBRE_AREA) values ('A0012','INTELIGENCIA ARTIFICIAL');
Insert into DBTUTORIA.AREA_CONOCIMIENTO (COD_AREA,NOMBRE_AREA) values ('A0013','GESTIÓN EMPRESARIAL');
Insert into DBTUTORIA.AREA_CONOCIMIENTO (COD_AREA,NOMBRE_AREA) values ('A0014','HISTORIA');
Insert into DBTUTORIA.AREA_CONOCIMIENTO (COD_AREA,NOMBRE_AREA) values ('A0015','TALLERES');
Insert into DBTUTORIA.AREA_CONOCIMIENTO (COD_AREA,NOMBRE_AREA) values ('A0016','DIBUJO Y DISEÑO');
Insert into DBTUTORIA.AREA_CONOCIMIENTO (COD_AREA,NOMBRE_AREA) values ('A0017','REDES DE COMPUTADORAS');
REM INSERTING into DBTUTORIA.ASISTENCIA_C_ALUM
SET DEFINE OFF;
REM INSERTING into DBTUTORIA.ASISTENCIA_C_PROF
SET DEFINE OFF;
REM INSERTING into DBTUTORIA.ASISTENCIA_T_ALUM
SET DEFINE OFF;
REM INSERTING into DBTUTORIA.ASISTENCIA_T_PROF
SET DEFINE OFF;
REM INSERTING into DBTUTORIA.ASOC_POSTULACION_TEMA_PAR
SET DEFINE OFF;
REM INSERTING into DBTUTORIA.ASOC_TEMA_CONVOCATORIA_PAR
SET DEFINE OFF;
REM INSERTING into DBTUTORIA.AUDITORIA
SET DEFINE OFF;
REM INSERTING into DBTUTORIA.CICLO
SET DEFINE OFF;
Insert into DBTUTORIA.CICLO (ID_CICLO,ANIO,PERIODO,ACTIVO,ESTADO) values ('0','2014','0','0','0');
Insert into DBTUTORIA.CICLO (ID_CICLO,ANIO,PERIODO,ACTIVO,ESTADO) values ('1','2014','1','0','0');
Insert into DBTUTORIA.CICLO (ID_CICLO,ANIO,PERIODO,ACTIVO,ESTADO) values ('2','2014','2','0','0');
Insert into DBTUTORIA.CICLO (ID_CICLO,ANIO,PERIODO,ACTIVO,ESTADO) values ('3','2015','0','0','0');
Insert into DBTUTORIA.CICLO (ID_CICLO,ANIO,PERIODO,ACTIVO,ESTADO) values ('4','2015','1','0','0');
Insert into DBTUTORIA.CICLO (ID_CICLO,ANIO,PERIODO,ACTIVO,ESTADO) values ('5','2015','2','0','0');
Insert into DBTUTORIA.CICLO (ID_CICLO,ANIO,PERIODO,ACTIVO,ESTADO) values ('6','2016','0','0','0');
Insert into DBTUTORIA.CICLO (ID_CICLO,ANIO,PERIODO,ACTIVO,ESTADO) values ('7','2016','1','1','1');
REM INSERTING into DBTUTORIA.CICLO_TUTORIA
SET DEFINE OFF;
Insert into DBTUTORIA.CICLO_TUTORIA (ANIO,PERIODO,FECHA_INI,FECHA_FIN) values ('2016','1',to_date('06/04/16','DD/MM/RR'),to_date('18/07/16','DD/MM/RR'));
REM INSERTING into DBTUTORIA.CONVOCATORIA_PAR
SET DEFINE OFF;
REM INSERTING into DBTUTORIA.CURSO
SET DEFINE OFF;
Insert into DBTUTORIA.CURSO (C_CODIGO,NOMBRE,CREDITOS,AREA_C) values ('C0201001','ALGORÍTMICA I                                    ','4','A0001');
Insert into DBTUTORIA.CURSO (C_CODIGO,NOMBRE,CREDITOS,AREA_C) values ('C0201003','CALCULO I                                         ','4','A0002');
Insert into DBTUTORIA.CURSO (C_CODIGO,NOMBRE,CREDITOS,AREA_C) values ('C0201004','MATEMÁTICA BÁSICA I                             ','4','A0002');
Insert into DBTUTORIA.CURSO (C_CODIGO,NOMBRE,CREDITOS,AREA_C) values ('C0201007','COMPUTACIÓN E INFORMÁTICA                       ','4','A0005');
Insert into DBTUTORIA.CURSO (C_CODIGO,NOMBRE,CREDITOS,AREA_C) values ('C0201008','TEORIA DE SISTEMAS                                ','3','A0005');
Insert into DBTUTORIA.CURSO (C_CODIGO,NOMBRE,CREDITOS,AREA_C) values ('C0201009','TALLER DE TECNICAS DE ESTUDIO                     ','3','A0015');
Insert into DBTUTORIA.CURSO (C_CODIGO,NOMBRE,CREDITOS,AREA_C) values ('C0202001','ALGORÍTMICA II                                   ','4','A0001');
Insert into DBTUTORIA.CURSO (C_CODIGO,NOMBRE,CREDITOS,AREA_C) values ('C0202003','CÁLCULO II                                       ','4','A0002');
Insert into DBTUTORIA.CURSO (C_CODIGO,NOMBRE,CREDITOS,AREA_C) values ('C0202004','MATEMÁTICA BÁSICA II                            ','4','A0002');
Insert into DBTUTORIA.CURSO (C_CODIGO,NOMBRE,CREDITOS,AREA_C) values ('C0202007','FISICA GENERAL                                    ','4','A0003');
Insert into DBTUTORIA.CURSO (C_CODIGO,NOMBRE,CREDITOS,AREA_C) values ('C0202008','ESTRUCTURA DE DATOS                               ','4','A0001');
Insert into DBTUTORIA.CURSO (C_CODIGO,NOMBRE,CREDITOS,AREA_C) values ('C0202009','ECONOMIA                                          ','2','A0004');
Insert into DBTUTORIA.CURSO (C_CODIGO,NOMBRE,CREDITOS,AREA_C) values ('C0203001','ALGORÍTMICA III                                  ','4','A0001');
Insert into DBTUTORIA.CURSO (C_CODIGO,NOMBRE,CREDITOS,AREA_C) values ('C0203004','MATEMÁTICA DISCRETA                              ','4','A0002');
Insert into DBTUTORIA.CURSO (C_CODIGO,NOMBRE,CREDITOS,AREA_C) values ('C0203005','ESTADÍSTICA I                                    ','4','A0009');
Insert into DBTUTORIA.CURSO (C_CODIGO,NOMBRE,CREDITOS,AREA_C) values ('C0203006','DISEÑO GRÁFICO                                  ','3','A0016');
Insert into DBTUTORIA.CURSO (C_CODIGO,NOMBRE,CREDITOS,AREA_C) values ('C0203007','ELECTROMAGNETISMO                                 ','3','A0003');
Insert into DBTUTORIA.CURSO (C_CODIGO,NOMBRE,CREDITOS,AREA_C) values ('C0203008','ORGANIZACIÓN Y ADMINISTRACIÓN                   ','3','A0013');
Insert into DBTUTORIA.CURSO (C_CODIGO,NOMBRE,CREDITOS,AREA_C) values ('C0204001','TÉCNICAS DE MODELAMIENTO                         ','4','A0007');
Insert into DBTUTORIA.CURSO (C_CODIGO,NOMBRE,CREDITOS,AREA_C) values ('C0204002','COMPUTACIÓN GRÁFICA                             ','4','A0005');
Insert into DBTUTORIA.CURSO (C_CODIGO,NOMBRE,CREDITOS,AREA_C) values ('C0204004','ECUACIONES DIFERENCIALES                          ','4','A0002');
Insert into DBTUTORIA.CURSO (C_CODIGO,NOMBRE,CREDITOS,AREA_C) values ('C0204006','ESTADISTICA II                                    ','4','A0009');
Insert into DBTUTORIA.CURSO (C_CODIGO,NOMBRE,CREDITOS,AREA_C) values ('C0204007','CIRCUITOS DIGITALES                               ','4','A0006');
Insert into DBTUTORIA.CURSO (C_CODIGO,NOMBRE,CREDITOS,AREA_C) values ('C0204008','CONTABILIDAD GENERAL                              ','2','A0004');
Insert into DBTUTORIA.CURSO (C_CODIGO,NOMBRE,CREDITOS,AREA_C) values ('C0205001','BASE DE DATOS                                     ','4','A0007');
Insert into DBTUTORIA.CURSO (C_CODIGO,NOMBRE,CREDITOS,AREA_C) values ('C0205006','MÉTODOS NUMÉRICOS                               ','3','A0002');
Insert into DBTUTORIA.CURSO (C_CODIGO,NOMBRE,CREDITOS,AREA_C) values ('C0205007','INVESTIGACIÓN OPERATIVA I                        ','4','A0002');
Insert into DBTUTORIA.CURSO (C_CODIGO,NOMBRE,CREDITOS,AREA_C) values ('C0205008','SISTEMAS DIGITALES                                ','4','A0006');
Insert into DBTUTORIA.CURSO (C_CODIGO,NOMBRE,CREDITOS,AREA_C) values ('C0205009','LENGUAJES Y TRADUCTORES                           ','3','A0005');
Insert into DBTUTORIA.CURSO (C_CODIGO,NOMBRE,CREDITOS,AREA_C) values ('C0205010','CONTABILIDAD GERENCIAL                            ','3','A0004');
Insert into DBTUTORIA.CURSO (C_CODIGO,NOMBRE,CREDITOS,AREA_C) values ('C0206001','SISTEMAS OPERATIVOS                               ','4','A0010');
Insert into DBTUTORIA.CURSO (C_CODIGO,NOMBRE,CREDITOS,AREA_C) values ('C0206007','ANÁLISIS DE SISTEMAS                             ','4','A0011');
Insert into DBTUTORIA.CURSO (C_CODIGO,NOMBRE,CREDITOS,AREA_C) values ('C0206008','INVESTIGACIÓN OPERATIVA II                       ','4','A0002');
Insert into DBTUTORIA.CURSO (C_CODIGO,NOMBRE,CREDITOS,AREA_C) values ('C0206009','TRANSMISIÓN DE DATOS                             ','4','A0017');
Insert into DBTUTORIA.CURSO (C_CODIGO,NOMBRE,CREDITOS,AREA_C) values ('C0206010','ARQUITECTURA DE COMPUTADORAS                      ','4','A0008');
Insert into DBTUTORIA.CURSO (C_CODIGO,NOMBRE,CREDITOS,AREA_C) values ('C0206011','TALLER DE PROYECTOS I                             ','3','A0015');
Insert into DBTUTORIA.CURSO (C_CODIGO,NOMBRE,CREDITOS,AREA_C) values ('C0207002','REDES DE COMPUTADORAS                             ','4','A0017');
Insert into DBTUTORIA.CURSO (C_CODIGO,NOMBRE,CREDITOS,AREA_C) values ('C0207003','DISEÑO DE SISTEMAS                               ','4','A0011');
Insert into DBTUTORIA.CURSO (C_CODIGO,NOMBRE,CREDITOS,AREA_C) values ('C0207007','DISEÑO DE INTERFACE DE USUARIO                   ','3','A0011');
Insert into DBTUTORIA.CURSO (C_CODIGO,NOMBRE,CREDITOS,AREA_C) values ('C0207008','INTELIGENCIA ARTIFICIAL                           ','4','A0012');
Insert into DBTUTORIA.CURSO (C_CODIGO,NOMBRE,CREDITOS,AREA_C) values ('C0207009','MODELOS Y SIMULACIÓN                             ','4','A0002');
Insert into DBTUTORIA.CURSO (C_CODIGO,NOMBRE,CREDITOS,AREA_C) values ('C0207010','INGENIERÍA ECONÓMICA                            ','3','A0004');
Insert into DBTUTORIA.CURSO (C_CODIGO,NOMBRE,CREDITOS,AREA_C) values ('C0208001','INGENIERIA DE INFORMACION                         ','4','A0013');
Insert into DBTUTORIA.CURSO (C_CODIGO,NOMBRE,CREDITOS,AREA_C) values ('C0208003','SISTEMAS DISTRIBUIDOS                             ','4','A0010');
Insert into DBTUTORIA.CURSO (C_CODIGO,NOMBRE,CREDITOS,AREA_C) values ('C0208007','INGENIERÍA DE SOFTWARE                           ','4','A0001');
Insert into DBTUTORIA.CURSO (C_CODIGO,NOMBRE,CREDITOS,AREA_C) values ('C0208008','METOD. PARA TESIS                                 ','2','A0015');
Insert into DBTUTORIA.CURSO (C_CODIGO,NOMBRE,CREDITOS,AREA_C) values ('C0208009','TALLER DE PROYECTOS II                            ','3','A0015');
Insert into DBTUTORIA.CURSO (C_CODIGO,NOMBRE,CREDITOS,AREA_C) values ('C0208010','INGENIERÍA DE CONTROL                            ','4','A0008');
Insert into DBTUTORIA.CURSO (C_CODIGO,NOMBRE,CREDITOS,AREA_C) values ('C209001M','AUDIT. Y SEG. EN INFORMÁTICA                     ','3','A0013');
Insert into DBTUTORIA.CURSO (C_CODIGO,NOMBRE,CREDITOS,AREA_C) values ('C0209003','INGENIERIA DE NEGOCIOS                            ','2','A0013');
Insert into DBTUTORIA.CURSO (C_CODIGO,NOMBRE,CREDITOS,AREA_C) values ('C209005M','MARKETING                                         ','2','A0013');
Insert into DBTUTORIA.CURSO (C_CODIGO,NOMBRE,CREDITOS,AREA_C) values ('C0209006','DERECHO INFORMÁTICO                              ','2','A0013');
Insert into DBTUTORIA.CURSO (C_CODIGO,NOMBRE,CREDITOS,AREA_C) values ('C0209007','PROYECTO DE TESIS I                               ','3','A0015');
Insert into DBTUTORIA.CURSO (C_CODIGO,NOMBRE,CREDITOS,AREA_C) values ('C0209008','FORM. Y EVAL. DE PROYECTOS                        ','3','A0013');
Insert into DBTUTORIA.CURSO (C_CODIGO,NOMBRE,CREDITOS,AREA_C) values ('C0201101','GERENCIA INFORMÁTICA                             ','3','A0013');
Insert into DBTUTORIA.CURSO (C_CODIGO,NOMBRE,CREDITOS,AREA_C) values ('C0201103','TENDENCIAS TECNOLÓGICAS                          ','3','A0005');
Insert into DBTUTORIA.CURSO (C_CODIGO,NOMBRE,CREDITOS,AREA_C) values ('C0201104','GESTION DE PROY. INFORMÁTICOS                    ','3','A0013');
Insert into DBTUTORIA.CURSO (C_CODIGO,NOMBRE,CREDITOS,AREA_C) values ('C0201105','PROYECTO DE TESIS II                              ','3','A0015');
Insert into DBTUTORIA.CURSO (C_CODIGO,NOMBRE,CREDITOS,AREA_C) values ('C0201106','SEM. DE LA REALIDAD PERUANA                       ','2','A0014');
Insert into DBTUTORIA.CURSO (C_CODIGO,NOMBRE,CREDITOS,AREA_C) values ('C201203M','DATAWAREHOUSE                                     ','2','A0007');
Insert into DBTUTORIA.CURSO (C_CODIGO,NOMBRE,CREDITOS,AREA_C) values ('C0201204','SISTEMAS INTELIGENTES                             ','2','A0012');
Insert into DBTUTORIA.CURSO (C_CODIGO,NOMBRE,CREDITOS,AREA_C) values ('C0201205','COMERCIO ELECTRÓNICO                             ','2','A0004');
Insert into DBTUTORIA.CURSO (C_CODIGO,NOMBRE,CREDITOS,AREA_C) values ('C0201206','REDES NEURONALES                                  ','2','A0012');
Insert into DBTUTORIA.CURSO (C_CODIGO,NOMBRE,CREDITOS,AREA_C) values ('C0201207','GESTIÓN DEL CONOCIMIENTO                         ','2','A0013');
Insert into DBTUTORIA.CURSO (C_CODIGO,NOMBRE,CREDITOS,AREA_C) values ('C0201208','LIDERAZGO EMPRESARIAL                             ','2','A0013');
Insert into DBTUTORIA.CURSO (C_CODIGO,NOMBRE,CREDITOS,AREA_C) values ('C0201209','ROBOTICA                                          ','2','A0006');
Insert into DBTUTORIA.CURSO (C_CODIGO,NOMBRE,CREDITOS,AREA_C) values ('C0201210','DISEÑO DE UNA ARQUITECTURA WEB                   ','2','A0011');
Insert into DBTUTORIA.CURSO (C_CODIGO,NOMBRE,CREDITOS,AREA_C) values ('C0201211','PLAN. DE RECURSOS EMPRESARIALES                   ','2','A0013');
REM INSERTING into DBTUTORIA.DIAS_CLASE
SET DEFINE OFF;
REM INSERTING into DBTUTORIA.DISPONIBILIDAD_PAR
SET DEFINE OFF;
REM INSERTING into DBTUTORIA.DOCENTE_REGULAR
SET DEFINE OFF;
Insert into DBTUTORIA.DOCENTE_REGULAR (ANIO,PERIODO,COD_DOCENTE,NOM_DOCENTE) values ('2016','1','PR000023','ALBERTO ROJAS CUYA');
REM INSERTING into DBTUTORIA.GRUPO
SET DEFINE OFF;
REM INSERTING into DBTUTORIA.HISTORIAL_NOTAS
SET DEFINE OFF;
REM INSERTING into DBTUTORIA.HORA_INICIO
SET DEFINE OFF;
REM INSERTING into DBTUTORIA.HORARIO_PAR
SET DEFINE OFF;
REM INSERTING into DBTUTORIA.MATRICULA
SET DEFINE OFF;
REM INSERTING into DBTUTORIA.MATRICULA_PAR
SET DEFINE OFF;
REM INSERTING into DBTUTORIA.NOTAS
SET DEFINE OFF;
REM INSERTING into DBTUTORIA.OBJETIVOS
SET DEFINE OFF;
REM INSERTING into DBTUTORIA.POSTULACION_PAR
SET DEFINE OFF;
REM INSERTING into DBTUTORIA.PROFESOR
SET DEFINE OFF;
Insert into DBTUTORIA.PROFESOR (P_CODIGO,P_NOMBRE,P_APELLIDOS,P_FNACIMIENTO,P_DIRECCION,P_EMAIL,P_TELEFONO,P_DNI) values ('PR000023','ALBERTO                  ','ROJAS CUYA               ',null,'lA mAR 234                              ','ALBERTO@GMAIL.COM                       ','12341234','0');
Insert into DBTUTORIA.PROFESOR (P_CODIGO,P_NOMBRE,P_APELLIDOS,P_FNACIMIENTO,P_DIRECCION,P_EMAIL,P_TELEFONO,P_DNI) values ('PR000024','CARLOS                   ','LOPEZ ROJAS              ',null,'av. la marina 123                       ','CLOPEZR@XMAIL.COM                       ','12341234','0');
Insert into DBTUTORIA.PROFESOR (P_CODIGO,P_NOMBRE,P_APELLIDOS,P_FNACIMIENTO,P_DIRECCION,P_EMAIL,P_TELEFONO,P_DNI) values ('PR000027','MARTIN                   ','ALVARADO GUTIERREZ       ',null,'av. la marina 123                       ','MALVARADOG@GMAIL.COM                    ','34536467','0');
Insert into DBTUTORIA.PROFESOR (P_CODIGO,P_NOMBRE,P_APELLIDOS,P_FNACIMIENTO,P_DIRECCION,P_EMAIL,P_TELEFONO,P_DNI) values ('PR000021','manuel alberto           ','segovia robles           ',null,'av. la marina 123                       ','manuel@xmail.com                        ','123456789','0');
Insert into DBTUTORIA.PROFESOR (P_CODIGO,P_NOMBRE,P_APELLIDOS,P_FNACIMIENTO,P_DIRECCION,P_EMAIL,P_TELEFONO,P_DNI) values ('PR000022','JOSE                     ','DOMINGUEZ BAYONA         ',null,'Torre Tagle                             ','JOSE@XMAIL.COM                          ','34536467','0');
Insert into DBTUTORIA.PROFESOR (P_CODIGO,P_NOMBRE,P_APELLIDOS,P_FNACIMIENTO,P_DIRECCION,P_EMAIL,P_TELEFONO,P_DNI) values ('PR000025','MANUEL                   ','SUAREZ VALVERDE          ',null,'lA mAR 234                              ','LSUAREZV@CMAIL.COM                      ','34536467','0');
Insert into DBTUTORIA.PROFESOR (P_CODIGO,P_NOMBRE,P_APELLIDOS,P_FNACIMIENTO,P_DIRECCION,P_EMAIL,P_TELEFONO,P_DNI) values ('PR000028','ARTURO                   ','BAZAN DIAZ               ',null,'Torre Tagle                             ','ABAZAND@GMAIL.COM                       ','12341234','0');
Insert into DBTUTORIA.PROFESOR (P_CODIGO,P_NOMBRE,P_APELLIDOS,P_FNACIMIENTO,P_DIRECCION,P_EMAIL,P_TELEFONO,P_DNI) values ('PR000001','liliana                  ','zacarias torres          ',to_date('01/07/72','DD/MM/RR'),'san luis calle 15                       ','luis@gmail.com                          ','998525273','42836277');
Insert into DBTUTORIA.PROFESOR (P_CODIGO,P_NOMBRE,P_APELLIDOS,P_FNACIMIENTO,P_DIRECCION,P_EMAIL,P_TELEFONO,P_DNI) values ('PR000002','fancisco                 ','torres obregon           ',to_date('02/07/72','DD/MM/RR'),'las vegas cdra 20                       ','francisco@gmail.com                     ','998525275','42836289');
Insert into DBTUTORIA.PROFESOR (P_CODIGO,P_NOMBRE,P_APELLIDOS,P_FNACIMIENTO,P_DIRECCION,P_EMAIL,P_TELEFONO,P_DNI) values ('PR000003','alfredo                  ','vallejos zuniga          ',to_date('01/06/72','DD/MM/RR'),'av. arequipa cdra 50                    ','alfredo@gmail.com                       ','998525276','42836280');
Insert into DBTUTORIA.PROFESOR (P_CODIGO,P_NOMBRE,P_APELLIDOS,P_FNACIMIENTO,P_DIRECCION,P_EMAIL,P_TELEFONO,P_DNI) values ('PR000004','marisol                  ','tambra leon              ',to_date('11/09/72','DD/MM/RR'),'villla sol segunda etapa                ','marisol@gmail.com                       ','998525277','42836281');
Insert into DBTUTORIA.PROFESOR (P_CODIGO,P_NOMBRE,P_APELLIDOS,P_FNACIMIENTO,P_DIRECCION,P_EMAIL,P_TELEFONO,P_DNI) values ('PR000005','marcos                   ','de la cruz               ',to_date('07/06/72','DD/MM/RR'),'la floresta                             ','marcos@gmail.com                        ','998525278','42836282');
Insert into DBTUTORIA.PROFESOR (P_CODIGO,P_NOMBRE,P_APELLIDOS,P_FNACIMIENTO,P_DIRECCION,P_EMAIL,P_TELEFONO,P_DNI) values ('PR000006','eduardo                  ','cortez vasques           ',to_date('06/07/72','DD/MM/RR'),'los portales calle2                     ','eduardo@gmail.com                       ','998525279','42836283');
Insert into DBTUTORIA.PROFESOR (P_CODIGO,P_NOMBRE,P_APELLIDOS,P_FNACIMIENTO,P_DIRECCION,P_EMAIL,P_TELEFONO,P_DNI) values ('PR000007','maria                    ','salinas asana            ',to_date('01/11/72','DD/MM/RR'),'universitaria cdra. 16                  ','maria@gmail.com                         ','998525280','42836284');
Insert into DBTUTORIA.PROFESOR (P_CODIGO,P_NOMBRE,P_APELLIDOS,P_FNACIMIENTO,P_DIRECCION,P_EMAIL,P_TELEFONO,P_DNI) values ('PR000008','denise                   ','del pino                 ',to_date('04/11/62','DD/MM/RR'),'lurigancho segunda etapa                ','denise@gmail.com                        ','998525281','42836285');
Insert into DBTUTORIA.PROFESOR (P_CODIGO,P_NOMBRE,P_APELLIDOS,P_FNACIMIENTO,P_DIRECCION,P_EMAIL,P_TELEFONO,P_DNI) values ('PR000009','mariela                  ','mejia melo               ',to_date('01/07/72','DD/MM/RR'),'san luis calle 15                       ','mariela@gmail.com                       ','998525282','42836286');
Insert into DBTUTORIA.PROFESOR (P_CODIGO,P_NOMBRE,P_APELLIDOS,P_FNACIMIENTO,P_DIRECCION,P_EMAIL,P_TELEFONO,P_DNI) values ('PR000010','samuel                   ','merino sanchez           ',to_date('01/07/52','DD/MM/RR'),'el solar condominio 8                   ','samuel@gmail.com                        ','998525283','42836287');
Insert into DBTUTORIA.PROFESOR (P_CODIGO,P_NOMBRE,P_APELLIDOS,P_FNACIMIENTO,P_DIRECCION,P_EMAIL,P_TELEFONO,P_DNI) values ('PR000011','luisa                    ','sanchez galvez           ',to_date('01/07/72','DD/MM/RR'),'san luis calle 15                       ','luis@gmail.com                          ','998525273','42136277');
Insert into DBTUTORIA.PROFESOR (P_CODIGO,P_NOMBRE,P_APELLIDOS,P_FNACIMIENTO,P_DIRECCION,P_EMAIL,P_TELEFONO,P_DNI) values ('PR000012','fancisca                 ','torres torres            ',to_date('02/07/72','DD/MM/RR'),'las vegas cdra 20                       ','francisco@gmail.com                     ','998525275','42136289');
Insert into DBTUTORIA.PROFESOR (P_CODIGO,P_NOMBRE,P_APELLIDOS,P_FNACIMIENTO,P_DIRECCION,P_EMAIL,P_TELEFONO,P_DNI) values ('PR000013','almendra                 ','zuniga vallejos          ',to_date('01/06/72','DD/MM/RR'),'av. arequipa cdra 50                    ','alfredo@gmail.com                       ','998525276','42136280');
Insert into DBTUTORIA.PROFESOR (P_CODIGO,P_NOMBRE,P_APELLIDOS,P_FNACIMIENTO,P_DIRECCION,P_EMAIL,P_TELEFONO,P_DNI) values ('PR000014','mario                    ','leon tambra              ',to_date('11/09/72','DD/MM/RR'),'villla sol segunda etapa                ','marisol@gmail.com                       ','998525277','42136281');
Insert into DBTUTORIA.PROFESOR (P_CODIGO,P_NOMBRE,P_APELLIDOS,P_FNACIMIENTO,P_DIRECCION,P_EMAIL,P_TELEFONO,P_DNI) values ('PR000015','pedro                    ','rios cruz                ',to_date('07/06/72','DD/MM/RR'),'la floresta                             ','marcos@gmail.com                        ','998525278','42136282');
Insert into DBTUTORIA.PROFESOR (P_CODIGO,P_NOMBRE,P_APELLIDOS,P_FNACIMIENTO,P_DIRECCION,P_EMAIL,P_TELEFONO,P_DNI) values ('PR000016','joel                     ','tambra vasques           ',to_date('06/07/72','DD/MM/RR'),'los portales calle2                     ','eduardo@gmail.com                       ','998525279','42136283');
Insert into DBTUTORIA.PROFESOR (P_CODIGO,P_NOMBRE,P_APELLIDOS,P_FNACIMIENTO,P_DIRECCION,P_EMAIL,P_TELEFONO,P_DNI) values ('PR000017','mariela                  ','canales asana            ',to_date('01/11/72','DD/MM/RR'),'universitaria cdra. 16                  ','maria@gmail.com                         ','998525280','42136284');
Insert into DBTUTORIA.PROFESOR (P_CODIGO,P_NOMBRE,P_APELLIDOS,P_FNACIMIENTO,P_DIRECCION,P_EMAIL,P_TELEFONO,P_DNI) values ('PR000018','david                    ','del pino                 ',to_date('04/11/62','DD/MM/RR'),'lurigancho segunda etapa                ','denise@gmail.com                        ','998525281','42136285');
Insert into DBTUTORIA.PROFESOR (P_CODIGO,P_NOMBRE,P_APELLIDOS,P_FNACIMIENTO,P_DIRECCION,P_EMAIL,P_TELEFONO,P_DNI) values ('PR000019','marisol                  ','rojas melo               ',to_date('01/07/72','DD/MM/RR'),'san luis calle 15                       ','mariela@gmail.com                       ','998525282','42136286');
Insert into DBTUTORIA.PROFESOR (P_CODIGO,P_NOMBRE,P_APELLIDOS,P_FNACIMIENTO,P_DIRECCION,P_EMAIL,P_TELEFONO,P_DNI) values ('PR000020','samuel                   ','sanchez sanchez          ',to_date('01/07/52','DD/MM/RR'),'el solar condominio 8                   ','samuel@gmail.com                        ','998525283','42136287');
Insert into DBTUTORIA.PROFESOR (P_CODIGO,P_NOMBRE,P_APELLIDOS,P_FNACIMIENTO,P_DIRECCION,P_EMAIL,P_TELEFONO,P_DNI) values ('PR000026','JULIO                    ','BORJA PERALTA            ',null,'Torre Tagle                             ','JBORJAP@XMAIL.COM                       ','34536467','0');
REM INSERTING into DBTUTORIA.PROG_ACADEMICA_PAR
SET DEFINE OFF;
REM INSERTING into DBTUTORIA.PROGRAMACION_TUTORIA
SET DEFINE OFF;
REM INSERTING into DBTUTORIA.ROL
SET DEFINE OFF;
Insert into DBTUTORIA.ROL (ID_ROL,ROL_USUARIO,DESC_ROL) values ('5','ROLE_TUTOR_O','Tutor Observado');
Insert into DBTUTORIA.ROL (ID_ROL,ROL_USUARIO,DESC_ROL) values ('3','ROLE_DIR_ACA_O','Dirección Academica');
Insert into DBTUTORIA.ROL (ID_ROL,ROL_USUARIO,DESC_ROL) values ('4','ROLE_UNAYOE_R','UNAYOE');
Insert into DBTUTORIA.ROL (ID_ROL,ROL_USUARIO,DESC_ROL) values ('2','ROLE_OCAA_O','OCAA');
Insert into DBTUTORIA.ROL (ID_ROL,ROL_USUARIO,DESC_ROL) values ('6','ROLE_ADMIN_R','Administrador Regulares');
Insert into DBTUTORIA.ROL (ID_ROL,ROL_USUARIO,DESC_ROL) values ('7','ROLE_OCAA_R','OCCA Regulares');
Insert into DBTUTORIA.ROL (ID_ROL,ROL_USUARIO,DESC_ROL) values ('8','ROLE_DIR_ACA_R','Dirección Academica');
Insert into DBTUTORIA.ROL (ID_ROL,ROL_USUARIO,DESC_ROL) values ('9','ROLE_UNAYOE_R','UNAYOE');
Insert into DBTUTORIA.ROL (ID_ROL,ROL_USUARIO,DESC_ROL) values ('1','ROLE_ADMIN_O','Administrador Observados');
Insert into DBTUTORIA.ROL (ID_ROL,ROL_USUARIO,DESC_ROL) values ('10','ROLE_TUTOR_R','Tutor Regular');
Insert into DBTUTORIA.ROL (ID_ROL,ROL_USUARIO,DESC_ROL) values ('11','ROLE_ALUMNO_R','Alumno Regular');

-- --
Insert into DBTUTORIA.ROL (ID_ROL,ROL_USUARIO,DESC_ROL) values ('12','ROLE_DECANO_O','DECANO OBSERVADOS');
Insert into DBTUTORIA.ROL (ID_ROL,ROL_USUARIO,DESC_ROL) values ('13','ROLE_DECANO_R','DECANO REGULARES');
-- --
REM INSERTING into DBTUTORIA.SESIONES_PAR
SET DEFINE OFF;
REM INSERTING into DBTUTORIA.TABLA_DISPONIBILIDAD
SET DEFINE OFF;
REM INSERTING into DBTUTORIA.TABLA_MAESTRA
SET DEFINE OFF;
Insert into DBTUTORIA.TABLA_MAESTRA (NOMBRE_TABLA,NOMBRE_CAMPO,ID_CAMPO,VALOR_CAMPO,ESTADO) values ('FRECUENCIA','FRECUENCIA_TUTORIA','1','SEMANAL','1');
Insert into DBTUTORIA.TABLA_MAESTRA (NOMBRE_TABLA,NOMBRE_CAMPO,ID_CAMPO,VALOR_CAMPO,ESTADO) values ('FRECUENCIA','FRECUENCIA_TUTORIA','2','QUINCENAL','1');
Insert into DBTUTORIA.TABLA_MAESTRA (NOMBRE_TABLA,NOMBRE_CAMPO,ID_CAMPO,VALOR_CAMPO,ESTADO) values ('PLAN','PLAN_ALUMNO','1','2002','1');
Insert into DBTUTORIA.TABLA_MAESTRA (NOMBRE_TABLA,NOMBRE_CAMPO,ID_CAMPO,VALOR_CAMPO,ESTADO) values ('PLAN','PLAN_ALUMNO','2','2009','1');
Insert into DBTUTORIA.TABLA_MAESTRA (NOMBRE_TABLA,NOMBRE_CAMPO,ID_CAMPO,VALOR_CAMPO,ESTADO) values ('PLAN','PLAN_ALUMNO','3','2014','1');
Insert into DBTUTORIA.TABLA_MAESTRA (NOMBRE_TABLA,NOMBRE_CAMPO,ID_CAMPO,VALOR_CAMPO,ESTADO) values ('HORA','HORA_INICIO','8','8:00 am','1');
Insert into DBTUTORIA.TABLA_MAESTRA (NOMBRE_TABLA,NOMBRE_CAMPO,ID_CAMPO,VALOR_CAMPO,ESTADO) values ('HORA','HORA_INICIO','9','9:00 am','1');
Insert into DBTUTORIA.TABLA_MAESTRA (NOMBRE_TABLA,NOMBRE_CAMPO,ID_CAMPO,VALOR_CAMPO,ESTADO) values ('HORA','HORA_INICIO','10','10:00 am','1');
Insert into DBTUTORIA.TABLA_MAESTRA (NOMBRE_TABLA,NOMBRE_CAMPO,ID_CAMPO,VALOR_CAMPO,ESTADO) values ('HORA','HORA_INICIO','11','11:00 am','1');
Insert into DBTUTORIA.TABLA_MAESTRA (NOMBRE_TABLA,NOMBRE_CAMPO,ID_CAMPO,VALOR_CAMPO,ESTADO) values ('HORA','HORA_INICIO','12','12:00 pm','1');
Insert into DBTUTORIA.TABLA_MAESTRA (NOMBRE_TABLA,NOMBRE_CAMPO,ID_CAMPO,VALOR_CAMPO,ESTADO) values ('HORA','HORA_INICIO','13','1:00 pm','1');
Insert into DBTUTORIA.TABLA_MAESTRA (NOMBRE_TABLA,NOMBRE_CAMPO,ID_CAMPO,VALOR_CAMPO,ESTADO) values ('HORA','HORA_INICIO','14','2:00 pm','1');
Insert into DBTUTORIA.TABLA_MAESTRA (NOMBRE_TABLA,NOMBRE_CAMPO,ID_CAMPO,VALOR_CAMPO,ESTADO) values ('HORA','HORA_INICIO','15','3:00 pm','1');
Insert into DBTUTORIA.TABLA_MAESTRA (NOMBRE_TABLA,NOMBRE_CAMPO,ID_CAMPO,VALOR_CAMPO,ESTADO) values ('HORA','HORA_INICIO','16','4:00 pm','1');
Insert into DBTUTORIA.TABLA_MAESTRA (NOMBRE_TABLA,NOMBRE_CAMPO,ID_CAMPO,VALOR_CAMPO,ESTADO) values ('HORA','HORA_INICIO','17','5:00 pm','1');
Insert into DBTUTORIA.TABLA_MAESTRA (NOMBRE_TABLA,NOMBRE_CAMPO,ID_CAMPO,VALOR_CAMPO,ESTADO) values ('HORA','HORA_INICIO','18','6:00 pm','1');
Insert into DBTUTORIA.TABLA_MAESTRA (NOMBRE_TABLA,NOMBRE_CAMPO,ID_CAMPO,VALOR_CAMPO,ESTADO) values ('HORA','HORA_INICIO','19','7:00 pm','1');
Insert into DBTUTORIA.TABLA_MAESTRA (NOMBRE_TABLA,NOMBRE_CAMPO,ID_CAMPO,VALOR_CAMPO,ESTADO) values ('HORA','HORA_INICIO','20','8:00 pm','1');
Insert into DBTUTORIA.TABLA_MAESTRA (NOMBRE_TABLA,NOMBRE_CAMPO,ID_CAMPO,VALOR_CAMPO,ESTADO) values ('HORA','HORA_INICIO','21','9:00 pm','1');
Insert into DBTUTORIA.TABLA_MAESTRA (NOMBRE_TABLA,NOMBRE_CAMPO,ID_CAMPO,VALOR_CAMPO,ESTADO) values ('HORA','HORA_FIN','9','9:00 am','1');
Insert into DBTUTORIA.TABLA_MAESTRA (NOMBRE_TABLA,NOMBRE_CAMPO,ID_CAMPO,VALOR_CAMPO,ESTADO) values ('HORA','HORA_FIN','10','10:00 am','1');
Insert into DBTUTORIA.TABLA_MAESTRA (NOMBRE_TABLA,NOMBRE_CAMPO,ID_CAMPO,VALOR_CAMPO,ESTADO) values ('HORA','HORA_FIN','11','11:00 am','1');
Insert into DBTUTORIA.TABLA_MAESTRA (NOMBRE_TABLA,NOMBRE_CAMPO,ID_CAMPO,VALOR_CAMPO,ESTADO) values ('HORA','HORA_FIN','12','12:00 pm','1');
Insert into DBTUTORIA.TABLA_MAESTRA (NOMBRE_TABLA,NOMBRE_CAMPO,ID_CAMPO,VALOR_CAMPO,ESTADO) values ('HORA','HORA_FIN','13','1:00 pm','1');
Insert into DBTUTORIA.TABLA_MAESTRA (NOMBRE_TABLA,NOMBRE_CAMPO,ID_CAMPO,VALOR_CAMPO,ESTADO) values ('HORA','HORA_FIN','14','2:00 pm','1');
Insert into DBTUTORIA.TABLA_MAESTRA (NOMBRE_TABLA,NOMBRE_CAMPO,ID_CAMPO,VALOR_CAMPO,ESTADO) values ('HORA','HORA_FIN','15','3:00 pm','1');
Insert into DBTUTORIA.TABLA_MAESTRA (NOMBRE_TABLA,NOMBRE_CAMPO,ID_CAMPO,VALOR_CAMPO,ESTADO) values ('HORA','HORA_FIN','16','4:00 pm','1');
Insert into DBTUTORIA.TABLA_MAESTRA (NOMBRE_TABLA,NOMBRE_CAMPO,ID_CAMPO,VALOR_CAMPO,ESTADO) values ('HORA','HORA_FIN','17','5:00 pm','1');
Insert into DBTUTORIA.TABLA_MAESTRA (NOMBRE_TABLA,NOMBRE_CAMPO,ID_CAMPO,VALOR_CAMPO,ESTADO) values ('HORA','HORA_FIN','18','6:00 pm','1');
Insert into DBTUTORIA.TABLA_MAESTRA (NOMBRE_TABLA,NOMBRE_CAMPO,ID_CAMPO,VALOR_CAMPO,ESTADO) values ('HORA','HORA_FIN','19','7:00 pm','1');
Insert into DBTUTORIA.TABLA_MAESTRA (NOMBRE_TABLA,NOMBRE_CAMPO,ID_CAMPO,VALOR_CAMPO,ESTADO) values ('HORA','HORA_FIN','20','8:00 pm','1');
Insert into DBTUTORIA.TABLA_MAESTRA (NOMBRE_TABLA,NOMBRE_CAMPO,ID_CAMPO,VALOR_CAMPO,ESTADO) values ('HORA','HORA_FIN','21','9:00 pm','1');
Insert into DBTUTORIA.TABLA_MAESTRA (NOMBRE_TABLA,NOMBRE_CAMPO,ID_CAMPO,VALOR_CAMPO,ESTADO) values ('HORA','HORA_FIN','22','10:00 pm','1');
Insert into DBTUTORIA.TABLA_MAESTRA (NOMBRE_TABLA,NOMBRE_CAMPO,ID_CAMPO,VALOR_CAMPO,ESTADO) values ('CICLO','CICLO','0','2014-0','0');
Insert into DBTUTORIA.TABLA_MAESTRA (NOMBRE_TABLA,NOMBRE_CAMPO,ID_CAMPO,VALOR_CAMPO,ESTADO) values ('CICLO','CICLO','1','2014-1','0');
Insert into DBTUTORIA.TABLA_MAESTRA (NOMBRE_TABLA,NOMBRE_CAMPO,ID_CAMPO,VALOR_CAMPO,ESTADO) values ('CICLO','CICLO','2','2014-2','0');
Insert into DBTUTORIA.TABLA_MAESTRA (NOMBRE_TABLA,NOMBRE_CAMPO,ID_CAMPO,VALOR_CAMPO,ESTADO) values ('CICLO','CICLO','3','2015-0','0');
Insert into DBTUTORIA.TABLA_MAESTRA (NOMBRE_TABLA,NOMBRE_CAMPO,ID_CAMPO,VALOR_CAMPO,ESTADO) values ('CICLO','CICLO','4','2015-1','0');
Insert into DBTUTORIA.TABLA_MAESTRA (NOMBRE_TABLA,NOMBRE_CAMPO,ID_CAMPO,VALOR_CAMPO,ESTADO) values ('CICLO','CICLO','5','2015-2','0');
Insert into DBTUTORIA.TABLA_MAESTRA (NOMBRE_TABLA,NOMBRE_CAMPO,ID_CAMPO,VALOR_CAMPO,ESTADO) values ('CICLO','CICLO','6','2016-0','0');
Insert into DBTUTORIA.TABLA_MAESTRA (NOMBRE_TABLA,NOMBRE_CAMPO,ID_CAMPO,VALOR_CAMPO,ESTADO) values ('CICLO','CICLO','7','2016-1','1');
Insert into DBTUTORIA.TABLA_MAESTRA (NOMBRE_TABLA,NOMBRE_CAMPO,ID_CAMPO,VALOR_CAMPO,ESTADO) values ('CICLO','CICLO_TODOS','0','2014-0','0');
Insert into DBTUTORIA.TABLA_MAESTRA (NOMBRE_TABLA,NOMBRE_CAMPO,ID_CAMPO,VALOR_CAMPO,ESTADO) values ('CICLO','CICLO_TODOS','1','2014-1','1');
Insert into DBTUTORIA.TABLA_MAESTRA (NOMBRE_TABLA,NOMBRE_CAMPO,ID_CAMPO,VALOR_CAMPO,ESTADO) values ('CICLO','CICLO_TODOS','2','2014-2','1');
Insert into DBTUTORIA.TABLA_MAESTRA (NOMBRE_TABLA,NOMBRE_CAMPO,ID_CAMPO,VALOR_CAMPO,ESTADO) values ('CICLO','CICLO_TODOS','3','2015-0','1');
Insert into DBTUTORIA.TABLA_MAESTRA (NOMBRE_TABLA,NOMBRE_CAMPO,ID_CAMPO,VALOR_CAMPO,ESTADO) values ('CICLO','CICLO_TODOS','4','2015-1','1');
Insert into DBTUTORIA.TABLA_MAESTRA (NOMBRE_TABLA,NOMBRE_CAMPO,ID_CAMPO,VALOR_CAMPO,ESTADO) values ('CICLO','CICLO_TODOS','5','2015-2','1');
Insert into DBTUTORIA.TABLA_MAESTRA (NOMBRE_TABLA,NOMBRE_CAMPO,ID_CAMPO,VALOR_CAMPO,ESTADO) values ('CICLO','CICLO_TODOS','6','2016-0','1');
Insert into DBTUTORIA.TABLA_MAESTRA (NOMBRE_TABLA,NOMBRE_CAMPO,ID_CAMPO,VALOR_CAMPO,ESTADO) values ('CICLO','CICLO_TODOS','7','2016-1','1');
Insert into DBTUTORIA.TABLA_MAESTRA (NOMBRE_TABLA,NOMBRE_CAMPO,ID_CAMPO,VALOR_CAMPO,ESTADO) values ('ESTADOS_OBSERVACION','ESTADOS_TOTALES','1','PENDIENTE','1');
Insert into DBTUTORIA.TABLA_MAESTRA (NOMBRE_TABLA,NOMBRE_CAMPO,ID_CAMPO,VALOR_CAMPO,ESTADO) values ('ESTADOS_OBSERVACION','ESTADOS_TOTALES','2','PARCIALMENTE LEVANTADO','1');
Insert into DBTUTORIA.TABLA_MAESTRA (NOMBRE_TABLA,NOMBRE_CAMPO,ID_CAMPO,VALOR_CAMPO,ESTADO) values ('ESTADOS_OBSERVACION','ESTADOS_TOTALES','3','CERRADO','1');
Insert into DBTUTORIA.TABLA_MAESTRA (NOMBRE_TABLA,NOMBRE_CAMPO,ID_CAMPO,VALOR_CAMPO,ESTADO) values ('ESTADOS_OBSERVACION','ESTADOS_PARCIALES','1','PARCIALMENTE LEVANTADO','1');
Insert into DBTUTORIA.TABLA_MAESTRA (NOMBRE_TABLA,NOMBRE_CAMPO,ID_CAMPO,VALOR_CAMPO,ESTADO) values ('ESTADOS_OBSERVACION','ESTADOS_PARCIALES','2','CERRADO','1');
Insert into DBTUTORIA.TABLA_MAESTRA (NOMBRE_TABLA,NOMBRE_CAMPO,ID_CAMPO,VALOR_CAMPO,ESTADO) values ('ASISTENCIA','OPC_ASISTENCIA','1','ASISTIÓ','1');
Insert into DBTUTORIA.TABLA_MAESTRA (NOMBRE_TABLA,NOMBRE_CAMPO,ID_CAMPO,VALOR_CAMPO,ESTADO) values ('ASISTENCIA','OPC_ASISTENCIA','2','FALTÓ','1');
Insert into DBTUTORIA.TABLA_MAESTRA (NOMBRE_TABLA,NOMBRE_CAMPO,ID_CAMPO,VALOR_CAMPO,ESTADO) values ('ASISTENCIA','OPC_ASISTENCIA','3','TARDANZA','1');
Insert into DBTUTORIA.TABLA_MAESTRA (NOMBRE_TABLA,NOMBRE_CAMPO,ID_CAMPO,VALOR_CAMPO,ESTADO) values ('ENCUESTA','CALIFICACION','1','MUY POSITIVO','1');
Insert into DBTUTORIA.TABLA_MAESTRA (NOMBRE_TABLA,NOMBRE_CAMPO,ID_CAMPO,VALOR_CAMPO,ESTADO) values ('ENCUESTA','CALIFICACION','2','TENDENCIA -','1');
Insert into DBTUTORIA.TABLA_MAESTRA (NOMBRE_TABLA,NOMBRE_CAMPO,ID_CAMPO,VALOR_CAMPO,ESTADO) values ('ENCUESTA','CALIFICACION','3','TENDENCIA +','1');
Insert into DBTUTORIA.TABLA_MAESTRA (NOMBRE_TABLA,NOMBRE_CAMPO,ID_CAMPO,VALOR_CAMPO,ESTADO) values ('ENCUESTA','CALIFICACION','4','POSITIVO','1');
Insert into DBTUTORIA.TABLA_MAESTRA (NOMBRE_TABLA,NOMBRE_CAMPO,ID_CAMPO,VALOR_CAMPO,ESTADO) values ('ENCUESTA','CALIFICACION','5','NEGATIVO','1');
REM INSERTING into DBTUTORIA.TABLA_OBSERVACIONES
SET DEFINE OFF;
REM INSERTING into DBTUTORIA.TABLA_PREGUNTAS
SET DEFINE OFF;
REM INSERTING into DBTUTORIA.TEMAS_PAR
SET DEFINE OFF;
REM INSERTING into DBTUTORIA.TIPO_SESION_PAR
SET DEFINE OFF;
REM INSERTING into DBTUTORIA.TIPO_TUTORIA_PAR
SET DEFINE OFF;
REM INSERTING into DBTUTORIA.TRAZA
SET DEFINE OFF;
REM INSERTING into DBTUTORIA.TUTORIA
SET DEFINE OFF;
REM INSERTING into DBTUTORIA.TUTORIA_ENCUESTA
SET DEFINE OFF;
REM INSERTING into DBTUTORIA.USUARIO
SET DEFINE OFF;
Insert into DBTUTORIA.USUARIO (ID_USUARIO,CLAVE,NOMBRES,MATERNO,PATERNO,CORREO,DIRECCION,TELEFONO,ESTADO) values ('ADMINOBS','601f1889667efaebb33b8c12572835da3f027f78','RENZO RAUL','BRONCANO','RIVERA','rzbroncano19@gmail.com','Mk lt5 3 etapa Los Chasquis','5942443','A');
Insert into DBTUTORIA.USUARIO (ID_USUARIO,CLAVE,NOMBRES,MATERNO,PATERNO,CORREO,DIRECCION,TELEFONO,ESTADO) values ('ADMINREG','601f1889667efaebb33b8c12572835da3f027f78',null,null,null,null,null,null,'A');
Insert into DBTUTORIA.USUARIO (ID_USUARIO,CLAVE,NOMBRES,MATERNO,PATERNO,CORREO,DIRECCION,TELEFONO,ESTADO) values ('ADMINPAR','601f1889667efaebb33b8c12572835da3f027f78',null,null,null,null,null,null,'A');
Insert into DBTUTORIA.USUARIO (ID_USUARIO,CLAVE,NOMBRES,MATERNO,PATERNO,CORREO,DIRECCION,TELEFONO,ESTADO) values ('TUTOROBS','601f1889667efaebb33b8c12572835da3f027f78',null,null,null,null,null,null,'A');
Insert into DBTUTORIA.USUARIO (ID_USUARIO,CLAVE,NOMBRES,MATERNO,PATERNO,CORREO,DIRECCION,TELEFONO,ESTADO) values ('DIRECAD','601f1889667efaebb33b8c12572835da3f027f78',null,null,null,null,null,null,'A');
Insert into DBTUTORIA.USUARIO (ID_USUARIO,CLAVE,NOMBRES,MATERNO,PATERNO,CORREO,DIRECCION,TELEFONO,ESTADO) values ('DIRECADREG','601f1889667efaebb33b8c12572835da3f027f78',null,null,null,null,null,null,'A');
Insert into DBTUTORIA.USUARIO (ID_USUARIO,CLAVE,NOMBRES,MATERNO,PATERNO,CORREO,DIRECCION,TELEFONO,ESTADO) values ('UNAYOE','601f1889667efaebb33b8c12572835da3f027f78',null,null,null,null,null,null,'A');
Insert into DBTUTORIA.USUARIO (ID_USUARIO,CLAVE,NOMBRES,MATERNO,PATERNO,CORREO,DIRECCION,TELEFONO,ESTADO) values ('UNAYOEREG','601f1889667efaebb33b8c12572835da3f027f78',null,null,null,null,null,null,'A');
Insert into DBTUTORIA.USUARIO (ID_USUARIO,CLAVE,NOMBRES,MATERNO,PATERNO,CORREO,DIRECCION,TELEFONO,ESTADO) values ('OCAA','601f1889667efaebb33b8c12572835da3f027f78',null,null,null,null,null,null,'A');
Insert into DBTUTORIA.USUARIO (ID_USUARIO,CLAVE,NOMBRES,MATERNO,PATERNO,CORREO,DIRECCION,TELEFONO,ESTADO) values ('OCAAREG','601f1889667efaebb33b8c12572835da3f027f78',null,null,null,null,null,null,'A');
Insert into DBTUTORIA.USUARIO (ID_USUARIO,CLAVE,NOMBRES,MATERNO,PATERNO,CORREO,DIRECCION,TELEFONO,ESTADO) values ('ALUMNOREG','601f1889667efaebb33b8c12572835da3f027f78',null,null,null,null,null,null,'A');
Insert into DBTUTORIA.USUARIO (ID_USUARIO,CLAVE,NOMBRES,MATERNO,PATERNO,CORREO,DIRECCION,TELEFONO,ESTADO) values ('TUTOR02','601f1889667efaebb33b8c12572835da3f027f78',null,null,null,null,null,null,'A');
Insert into DBTUTORIA.USUARIO (ID_USUARIO,CLAVE,NOMBRES,MATERNO,PATERNO,CORREO,DIRECCION,TELEFONO,ESTADO) values ('TUTOR03','601f1889667efaebb33b8c12572835da3f027f78',null,null,null,null,null,null,'A');
Insert into DBTUTORIA.USUARIO (ID_USUARIO,CLAVE,NOMBRES,MATERNO,PATERNO,CORREO,DIRECCION,TELEFONO,ESTADO) values ('TUTORREG','601f1889667efaebb33b8c12572835da3f027f78',null,null,null,null,null,null,'A');
Insert into DBTUTORIA.USUARIO (ID_USUARIO,CLAVE,NOMBRES,MATERNO,PATERNO,CORREO,DIRECCION,TELEFONO,ESTADO) values ('DECANO','601f1889667efaebb33b8c12572835da3f027f78',null,null,null,null,null,null,'A');
Insert into DBTUTORIA.USUARIO (ID_USUARIO,CLAVE,NOMBRES,MATERNO,PATERNO,CORREO,DIRECCION,TELEFONO,ESTADO) values ('DECANOREG','601f1889667efaebb33b8c12572835da3f027f78',null,null,null,null,null,null,'A');

REM INSERTING into DBTUTORIA.USUARIO_ROL
SET DEFINE OFF;
Insert into DBTUTORIA.USUARIO_ROL (ID_ROL,ID_USUARIO,ROL) values ('1','ADMINOBS','ROLE_ADMIN_O');
Insert into DBTUTORIA.USUARIO_ROL (ID_ROL,ID_USUARIO,ROL) values ('5','TUTOROBS','ROLE_TUTOR_O');
Insert into DBTUTORIA.USUARIO_ROL (ID_ROL,ID_USUARIO,ROL) values ('3','DIRECAD','ROLE_DIR_ACA_O');
Insert into DBTUTORIA.USUARIO_ROL (ID_ROL,ID_USUARIO,ROL) values ('4','UNAYOE','ROLE_UNAYOE_O');
Insert into DBTUTORIA.USUARIO_ROL (ID_ROL,ID_USUARIO,ROL) values ('2','OCAA','ROLE_OCAA_O');
Insert into DBTUTORIA.USUARIO_ROL (ID_ROL,ID_USUARIO,ROL) values ('6','ADMINREG','ROLE_ADMIN_R');
Insert into DBTUTORIA.USUARIO_ROL (ID_ROL,ID_USUARIO,ROL) values ('5','TUTOR02','ROLE_TUTOR_O');
Insert into DBTUTORIA.USUARIO_ROL (ID_ROL,ID_USUARIO,ROL) values ('5','TUTOR03','ROLE_TUTOR_O');
Insert into DBTUTORIA.USUARIO_ROL (ID_ROL,ID_USUARIO,ROL) values ('7','OCAAREG','ROLE_OCAA_R');
Insert into DBTUTORIA.USUARIO_ROL (ID_ROL,ID_USUARIO,ROL) values ('8','DIRECADREG','ROLE_DIR_ACA_R');
Insert into DBTUTORIA.USUARIO_ROL (ID_ROL,ID_USUARIO,ROL) values ('9','UNAYOEREG','ROLE_UNAYOE_R');
Insert into DBTUTORIA.USUARIO_ROL (ID_ROL,ID_USUARIO,ROL) values ('11','ALUMNOREG','ROLE_ALUMNO_R');
Insert into DBTUTORIA.USUARIO_ROL (ID_ROL,ID_USUARIO,ROL) values ('10','TUTORREG','ROLE_TUTOR_R');
Insert into DBTUTORIA.USUARIO_ROL (ID_ROL,ID_USUARIO,ROL) values ('12','DECANO','ROLE_DECANO_O');
Insert into DBTUTORIA.USUARIO_ROL (ID_ROL,ID_USUARIO,ROL) values ('13','DECANOREG','ROLE_DECANO_R');
REM INSERTING into DBTUTORIA.USUARIO_ROL_EQUIVALENCIA
SET DEFINE OFF;
Insert into DBTUTORIA.USUARIO_ROL_EQUIVALENCIA (COD_USUARIO,ROL_USUARIO,COD_SISTEMA) values ('TUTOROBS','ROLE_TUTOR_O','PR000001');
Insert into DBTUTORIA.USUARIO_ROL_EQUIVALENCIA (COD_USUARIO,ROL_USUARIO,COD_SISTEMA) values ('TUTOR02','ROLE_TUTOR_O','PR000002');
Insert into DBTUTORIA.USUARIO_ROL_EQUIVALENCIA (COD_USUARIO,ROL_USUARIO,COD_SISTEMA) values ('TUTOR03','ROLE_TUTOR_O','PR000004');
Insert into DBTUTORIA.USUARIO_ROL_EQUIVALENCIA (COD_USUARIO,ROL_USUARIO,COD_SISTEMA) values ('TUTORREG','ROLE_TUTOR_R','PR000023');
Insert into DBTUTORIA.USUARIO_ROL_EQUIVALENCIA (COD_USUARIO,ROL_USUARIO,COD_SISTEMA) values ('ALUMNOREG','ROLE_ALUMNO_R','10013167');

Insert into DBTUTORIA.TABLA_PREGUNTAS
   (ID_PREGUNTA, TIPO_PREGUNTA, PREGUNTA)
 Values
   (1, 'HABITOS_ESTUDIO', '¿Cómo estudia usted?');
Insert into DBTUTORIA.TABLA_PREGUNTAS
   (ID_PREGUNTA, TIPO_PREGUNTA, PREGUNTA)
 Values
   (2, 'HABITOS_ESTUDIO', '¿Cómo hace sus tareas?');
Insert into DBTUTORIA.TABLA_PREGUNTAS
   (ID_PREGUNTA, TIPO_PREGUNTA, PREGUNTA)
 Values
   (3, 'HABITOS_ESTUDIO', '¿Cómo prepara sus exámenes?');
Insert into DBTUTORIA.TABLA_PREGUNTAS
   (ID_PREGUNTA, TIPO_PREGUNTA, PREGUNTA)
 Values
   (4, 'HABITOS_ESTUDIO', '¿Cómo escucha sus clases?');
Insert into DBTUTORIA.TABLA_PREGUNTAS
   (ID_PREGUNTA, TIPO_PREGUNTA, PREGUNTA)
 Values
   (5, 'HABITOS_ESTUDIO', '¿Cómo acompaña sus momentos de estudio?');
Insert into DBTUTORIA.TABLA_PREGUNTAS
   (ID_PREGUNTA, TIPO_PREGUNTA, PREGUNTA)
 Values
   (6, 'HABITOS_ESTUDIO', '¿Como realiza las exposiciones o presentaciones de sus trabajos?');
Insert into DBTUTORIA.TABLA_PREGUNTAS
   (ID_PREGUNTA, TIPO_PREGUNTA, PREGUNTA)
 Values
   (7, 'HABITOS_ESTUDIO', '¿Como elabora o redacta sus informes?');
Insert into DBTUTORIA.TABLA_PREGUNTAS
   (ID_PREGUNTA, TIPO_PREGUNTA, PREGUNTA)
 Values
   (8, 'HABITOS_ESTUDIO', '¿Como cumple la entrega de sus tareas en los plazos establecidos?');
Insert into DBTUTORIA.TABLA_PREGUNTAS
   (ID_PREGUNTA, TIPO_PREGUNTA, PREGUNTA)
 Values
   (9, 'HABITOS_ESTUDIO', '¿Cuántas veces ha sido observado?');



REM INSERTING into DBTUTORIA.USUARIO
SET DEFINE OFF;
INSERT INTO DBTUTORIA.USUARIO (ID_USUARIO,CLAVE,NOMBRES,MATERNO,PATERNO,CORREO,DIRECCION,TELEFONO,ESTADO) VALUES ('ALUMNOPAR','601f1889667efaebb33b8c12572835da3f027f78',NULL,NULL,NULL,NULL,NULL,NULL,'A');
INSERT INTO DBTUTORIA.USUARIO (ID_USUARIO,CLAVE,NOMBRES,MATERNO,PATERNO,CORREO,DIRECCION,TELEFONO,ESTADO) VALUES ('DECANOPAR','601f1889667efaebb33b8c12572835da3f027f78',NULL,NULL,NULL,NULL,NULL,NULL,'A');
INSERT INTO DBTUTORIA.USUARIO (ID_USUARIO,CLAVE,NOMBRES,MATERNO,PATERNO,CORREO,DIRECCION,TELEFONO,ESTADO) VALUES ('OCAAPAR','601f1889667efaebb33b8c12572835da3f027f78',NULL,NULL,NULL,NULL,NULL,NULL,'A');
INSERT INTO DBTUTORIA.USUARIO (ID_USUARIO,CLAVE,NOMBRES,MATERNO,PATERNO,CORREO,DIRECCION,TELEFONO,ESTADO) VALUES ('TUTORPAR','601f1889667efaebb33b8c12572835da3f027f78',NULL,NULL,NULL,NULL,NULL,NULL,'A');
REM INSERTING into DBTUTORIA.ROL
SET DEFINE OFF;
INSERT INTO DBTUTORIA.ROL (ID_ROL,ROL_USUARIO,DESC_ROL) VALUES (14,'ROLE_ADMIN_P','Administrador Pares');
INSERT INTO DBTUTORIA.ROL (ID_ROL,ROL_USUARIO,DESC_ROL) VALUES (15,'ROLE_ALUMNO_P','Alumno Par');
INSERT INTO DBTUTORIA.ROL (ID_ROL,ROL_USUARIO,DESC_ROL) VALUES (16,'ROLE_DECANO_P','DECANO PARES');
INSERT INTO DBTUTORIA.ROL (ID_ROL,ROL_USUARIO,DESC_ROL) VALUES (17,'ROLE_OCAA_P','OCAA Pares');
INSERT INTO DBTUTORIA.ROL (ID_ROL,ROL_USUARIO,DESC_ROL) VALUES (18,'ROLE_TUTOR_P','Tutor Pares');
REM INSERTING into DBTUTORIA.USUARIO_ROL
SET DEFINE OFF;
Insert into DBTUTORIA.USUARIO_ROL (ID_ROL,ID_USUARIO,ROL) values (14,'ADMINPAR','ROLE_ADMIN_P');
INSERT INTO DBTUTORIA.USUARIO_ROL (ID_ROL,ID_USUARIO,ROL) VALUES (15,'ALUMNOPAR','ROLE_ALUMNO_P');
INSERT INTO DBTUTORIA.USUARIO_ROL (ID_ROL,ID_USUARIO,ROL) VALUES (16,'DECANOPAR','ROLE_DECANO_P');
INSERT INTO DBTUTORIA.USUARIO_ROL (ID_ROL,ID_USUARIO,ROL) VALUES (17,'OCAAPAR','ROLE_OCAA_P');
INSERT INTO DBTUTORIA.USUARIO_ROL (ID_ROL,ID_USUARIO,ROL) VALUES (18,'TUTORPAR','ROLE_TUTOR_P');

COMMIT;